-- إدراج بيانات تجريبية لمنصة إدارة السياسات والإجراءات
-- تاريخ الإنشاء: 2025-10-30 10:19

-- إدراج المؤسسات التجريبية
INSERT INTO organizations_2025_10_30_10_19 (id, name, description, subscription_plan, subscription_status) VALUES
('550e8400-e29b-41d4-a716-446655440001', 'شركة الرياض للاستشارات', 'شركة رائدة في مجال الاستشارات الإدارية والتطوير التنظيمي', 'enterprise', 'active'),
('550e8400-e29b-41d4-a716-446655440002', 'مؤسسة جدة للتطوير', 'مؤسسة متخصصة في تطوير السياسات والإجراءات', 'professional', 'active'),
('550e8400-e29b-41d4-a716-446655440003', 'مكتب الدمام الاستشاري', 'مكتب استشاري متخصص في الحوكمة والامتثال', 'basic', 'active');

-- إدراج الملفات الشخصية للمستخدمين التجريبيين
INSERT INTO user_profiles_2025_10_30_10_19 (id, user_id, full_name, role, organization, phone, is_active) VALUES
-- مديرو النظام
('650e8400-e29b-41d4-a716-446655440001', '00000000-0000-0000-0000-000000000001', 'أحمد محمد الأحمد', 'system_admin', 'شركة الرياض للاستشارات', '+966501234567', true),

-- مديرو المشاريع
('650e8400-e29b-41d4-a716-446655440002', '00000000-0000-0000-0000-000000000002', 'فاطمة علي السالم', 'project_manager', 'شركة الرياض للاستشارات', '+966502345678', true),
('650e8400-e29b-41d4-a716-446655440003', '00000000-0000-0000-0000-000000000003', 'محمد عبدالله الخالد', 'project_manager', 'مؤسسة جدة للتطوير', '+966503456789', true),

-- المستشارون
('650e8400-e29b-41d4-a716-446655440004', '00000000-0000-0000-0000-000000000004', 'سارة أحمد المطيري', 'consultant', 'شركة الرياض للاستشارات', '+966504567890', true),
('650e8400-e29b-41d4-a716-446655440005', '00000000-0000-0000-0000-000000000005', 'خالد محمد العتيبي', 'consultant', 'مؤسسة جدة للتطوير', '+966505678901', true),

-- العملاء الرئيسيون
('650e8400-e29b-41d4-a716-446655440006', '00000000-0000-0000-0000-000000000006', 'نورا سعد الغامدي', 'main_client', 'وزارة التجارة', '+966506789012', true),
('650e8400-e29b-41d4-a716-446655440007', '00000000-0000-0000-0000-000000000007', 'عبدالرحمن فهد القحطاني', 'main_client', 'الهيئة العامة للاستثمار', '+966507890123', true),

-- العملاء الفرعيون
('650e8400-e29b-41d4-a716-446655440008', '00000000-0000-0000-0000-000000000008', 'مريم عبدالعزيز الدوسري', 'sub_client', 'وزارة التجارة', '+966508901234', true),
('650e8400-e29b-41d4-a716-446655440009', '00000000-0000-0000-0000-000000000009', 'يوسف صالح الشهري', 'sub_client', 'الهيئة العامة للاستثمار', '+966509012345', true),

-- محررو السياسات
('650e8400-e29b-41d4-a716-446655440010', '00000000-0000-0000-0000-000000000010', 'هند ناصر العمري', 'policy_editor', 'شركة الرياض للاستشارات', '+966510123456', true),
('650e8400-e29b-41d4-a716-446655440011', '00000000-0000-0000-0000-000000000011', 'عمر حسن الزهراني', 'policy_editor', 'مؤسسة جدة للتطوير', '+966511234567', true),

-- مراجعو السياسات
('650e8400-e29b-41d4-a716-446655440012', '00000000-0000-0000-0000-000000000012', 'ريم محمد البقمي', 'policy_reviewer', 'شركة الرياض للاستشارات', '+966512345678', true),

-- مراقبو الجودة
('650e8400-e29b-41d4-a716-446655440013', '00000000-0000-0000-0000-000000000013', 'طارق عبدالله الحربي', 'quality_monitor', 'مكتب الدمام الاستشاري', '+966513456789', true);

-- إدراج المشاريع التجريبية
INSERT INTO projects_2025_10_30_10_19 (id, name, description, organization_id, project_manager_id, consultant_id, status, start_date, end_date, budget, progress) VALUES
('750e8400-e29b-41d4-a716-446655440001', 'مشروع تطوير سياسات الموارد البشرية', 'مشروع شامل لتطوير وتحديث سياسات وإجراءات إدارة الموارد البشرية', '550e8400-e29b-41d4-a716-446655440001', '650e8400-e29b-41d4-a716-446655440002', '650e8400-e29b-41d4-a716-446655440004', 'active', '2024-01-15', '2024-06-30', 250000.00, 65),
('750e8400-e29b-41d4-a716-446655440002', 'مشروع إعادة هيكلة السياسات المالية', 'إعادة تصميم وتطوير السياسات المالية والمحاسبية', '550e8400-e29b-41d4-a716-446655440002', '650e8400-e29b-41d4-a716-446655440003', '650e8400-e29b-41d4-a716-446655440005', 'active', '2024-02-01', '2024-08-31', 180000.00, 45),
('750e8400-e29b-41d4-a716-446655440003', 'مشروع تطوير دليل الحوكمة المؤسسية', 'إنشاء دليل شامل للحوكمة المؤسسية وإدارة المخاطر', '550e8400-e29b-41d4-a716-446655440003', '650e8400-e29b-41d4-a716-446655440002', '650e8400-e29b-41d4-a716-446655440004', 'planning', '2024-03-01', '2024-09-30', 320000.00, 15);

-- إدراج أعضاء المشاريع
INSERT INTO project_members_2025_10_30_10_19 (project_id, user_id, role, permissions) VALUES
-- مشروع تطوير سياسات الموارد البشرية
('750e8400-e29b-41d4-a716-446655440001', '650e8400-e29b-41d4-a716-446655440002', 'project_manager', '{"manage_tasks": true, "manage_members": true, "view_reports": true}'),
('750e8400-e29b-41d4-a716-446655440001', '650e8400-e29b-41d4-a716-446655440004', 'consultant', '{"create_deliverables": true, "review_content": true}'),
('750e8400-e29b-41d4-a716-446655440001', '650e8400-e29b-41d4-a716-446655440006', 'main_client', '{"view_progress": true, "approve_deliverables": true}'),
('750e8400-e29b-41d4-a716-446655440001', '650e8400-e29b-41d4-a716-446655440008', 'sub_client', '{"view_progress": true, "comment": true}'),
('750e8400-e29b-41d4-a716-446655440001', '650e8400-e29b-41d4-a716-446655440010', 'policy_editor', '{"edit_policies": true, "create_templates": true}'),
('750e8400-e29b-41d4-a716-446655440001', '650e8400-e29b-41d4-a716-446655440012', 'policy_reviewer', '{"review_policies": true, "approve_content": true}'),

-- مشروع إعادة هيكلة السياسات المالية
('750e8400-e29b-41d4-a716-446655440002', '650e8400-e29b-41d4-a716-446655440003', 'project_manager', '{"manage_tasks": true, "manage_members": true, "view_reports": true}'),
('750e8400-e29b-41d4-a716-446655440002', '650e8400-e29b-41d4-a716-446655440005', 'consultant', '{"create_deliverables": true, "review_content": true}'),
('750e8400-e29b-41d4-a716-446655440002', '650e8400-e29b-41d4-a716-446655440007', 'main_client', '{"view_progress": true, "approve_deliverables": true}'),
('750e8400-e29b-41d4-a716-446655440002', '650e8400-e29b-41d4-a716-446655440009', 'sub_client', '{"view_progress": true, "comment": true}'),
('750e8400-e29b-41d4-a716-446655440002', '650e8400-e29b-41d4-a716-446655440011', 'policy_editor', '{"edit_policies": true, "create_templates": true}');

-- إدراج المهام التجريبية
INSERT INTO tasks_2025_10_30_10_19 (id, project_id, title, description, assigned_to, created_by, status, priority, start_date, due_date, estimated_hours, progress) VALUES
-- مهام مشروع الموارد البشرية
('850e8400-e29b-41d4-a716-446655440001', '750e8400-e29b-41d4-a716-446655440001', 'تحليل السياسات الحالية', 'مراجعة وتحليل السياسات الحالية لإدارة الموارد البشرية', '650e8400-e29b-41d4-a716-446655440004', '650e8400-e29b-41d4-a716-446655440002', 'completed', 'high', '2024-01-15', '2024-02-15', 80, 100),
('850e8400-e29b-41d4-a716-446655440002', '750e8400-e29b-41d4-a716-446655440001', 'تصميم هيكل السياسات الجديدة', 'وضع الهيكل العام للسياسات الجديدة', '650e8400-e29b-41d4-a716-446655440010', '650e8400-e29b-41d4-a716-446655440002', 'in_progress', 'high', '2024-02-16', '2024-03-30', 120, 75),
('850e8400-e29b-41d4-a716-446655440003', '750e8400-e29b-41d4-a716-446655440001', 'كتابة سياسة التوظيف', 'إعداد سياسة شاملة للتوظيف والاختيار', '650e8400-e29b-41d4-a716-446655440010', '650e8400-e29b-41d4-a716-446655440004', 'in_progress', 'medium', '2024-03-01', '2024-04-15', 60, 40),
('850e8400-e29b-41d4-a716-446655440004', '750e8400-e29b-41d4-a716-446655440001', 'مراجعة سياسة الأداء', 'مراجعة وتحديث سياسة تقييم الأداء', '650e8400-e29b-41d4-a716-446655440012', '650e8400-e29b-41d4-a716-446655440002', 'review', 'medium', '2024-03-15', '2024-05-01', 40, 85),

-- مهام مشروع السياسات المالية
('850e8400-e29b-41d4-a716-446655440005', '750e8400-e29b-41d4-a716-446655440002', 'دراسة النظم المالية الحالية', 'تحليل شامل للنظم والسياسات المالية الحالية', '650e8400-e29b-41d4-a716-446655440005', '650e8400-e29b-41d4-a716-446655440003', 'completed', 'critical', '2024-02-01', '2024-03-01', 100, 100),
('850e8400-e29b-41d4-a716-446655440006', '750e8400-e29b-41d4-a716-446655440002', 'تطوير سياسة الميزانية', 'إعداد سياسة جديدة لإعداد وإدارة الميزانية', '650e8400-e29b-41d4-a716-446655440011', '650e8400-e29b-41d4-a716-446655440003', 'in_progress', 'high', '2024-03-01', '2024-05-15', 90, 30);

-- إدراج المخرجات (Deliverables Tree)
INSERT INTO deliverables_2025_10_30_10_19 (id, project_id, parent_id, title, description, type, status, created_by, order_index) VALUES
-- دليل الموارد البشرية (Guide)
('950e8400-e29b-41d4-a716-446655440001', '750e8400-e29b-41d4-a716-446655440001', NULL, 'دليل سياسات الموارد البشرية', 'الدليل الشامل لسياسات وإجراءات الموارد البشرية', 'guide', 'draft', '650e8400-e29b-41d4-a716-446655440004', 1),

-- مواضيع فرعية (Topics)
('950e8400-e29b-41d4-a716-446655440002', '750e8400-e29b-41d4-a716-446655440001', '950e8400-e29b-41d4-a716-446655440001', 'التوظيف والاختيار', 'سياسات وإجراءات التوظيف والاختيار', 'topic', 'draft', '650e8400-e29b-41d4-a716-446655440010', 1),
('950e8400-e29b-41d4-a716-446655440003', '750e8400-e29b-41d4-a716-446655440001', '950e8400-e29b-41d4-a716-446655440001', 'تقييم الأداء', 'سياسات وإجراءات تقييم الأداء', 'topic', 'review', '650e8400-e29b-41d4-a716-446655440010', 2),
('950e8400-e29b-41d4-a716-446655440004', '750e8400-e29b-41d4-a716-446655440001', '950e8400-e29b-41d4-a716-446655440001', 'التدريب والتطوير', 'سياسات وإجراءات التدريب والتطوير', 'topic', 'draft', '650e8400-e29b-41d4-a716-446655440010', 3),

-- السياسات (Policies)
('950e8400-e29b-41d4-a716-446655440005', '750e8400-e29b-41d4-a716-446655440001', '950e8400-e29b-41d4-a716-446655440002', 'سياسة التوظيف', 'السياسة العامة للتوظيف والاختيار', 'policy', 'draft', '650e8400-e29b-41d4-a716-446655440010', 1),
('950e8400-e29b-41d4-a716-446655440006', '750e8400-e29b-41d4-a716-446655440001', '950e8400-e29b-41d4-a716-446655440003', 'سياسة تقييم الأداء', 'السياسة العامة لتقييم أداء الموظفين', 'policy', 'review', '650e8400-e29b-41d4-a716-446655440010', 1),

-- الإجراءات (Procedures)
('950e8400-e29b-41d4-a716-446655440007', '750e8400-e29b-41d4-a716-446655440001', '950e8400-e29b-41d4-a716-446655440002', 'إجراءات المقابلات الشخصية', 'الإجراءات التفصيلية لإجراء المقابلات الشخصية', 'procedure', 'draft', '650e8400-e29b-41d4-a716-446655440010', 2),
('950e8400-e29b-41d4-a716-446655440008', '750e8400-e29b-41d4-a716-446655440001', '950e8400-e29b-41d4-a716-446655440003', 'إجراءات التقييم السنوي', 'الإجراءات التفصيلية للتقييم السنوي للموظفين', 'procedure', 'review', '650e8400-e29b-41d4-a716-446655440010', 2),

-- القوالب (Templates)
('950e8400-e29b-41d4-a716-446655440009', '750e8400-e29b-41d4-a716-446655440001', '950e8400-e29b-41d4-a716-446655440002', 'نموذج طلب التوظيف', 'النموذج الموحد لطلبات التوظيف', 'template', 'approved', '650e8400-e29b-41d4-a716-446655440010', 3),
('950e8400-e29b-41d4-a716-446655440010', '750e8400-e29b-41d4-a716-446655440001', '950e8400-e29b-41d4-a716-446655440003', 'نموذج تقييم الأداء', 'النموذج الموحد لتقييم أداء الموظفين', 'template', 'approved', '650e8400-e29b-41d4-a716-446655440010', 3);

-- إدراج التذاكر التجريبية
INSERT INTO tickets_2025_10_30_10_19 (id, project_id, title, description, created_by, assigned_to, status, priority, category, due_date) VALUES
('a50e8400-e29b-41d4-a716-446655440001', '750e8400-e29b-41d4-a716-446655440001', 'طلب تعديل سياسة الإجازات', 'يرجى مراجعة وتعديل سياسة الإجازات لتشمل الإجازات الاستثنائية', '650e8400-e29b-41d4-a716-446655440006', '650e8400-e29b-41d4-a716-446655440004', 'open', 'medium', 'تعديل محتوى', '2024-04-15 17:00:00+03'),
('a50e8400-e29b-41d4-a716-446655440002', '750e8400-e29b-41d4-a716-446655440001', 'مشكلة في الوصول للملفات', 'لا يمكنني الوصول لملفات المشروع المرفوعة', '650e8400-e29b-41d4-a716-446655440008', '650e8400-e29b-41d4-a716-446655440002', 'in_progress', 'high', 'دعم فني', '2024-04-10 12:00:00+03'),
('a50e8400-e29b-41d4-a716-446655440003', '750e8400-e29b-41d4-a716-446655440002', 'استفسار حول السياسة المالية', 'هل تشمل السياسة الجديدة إجراءات الموافقة على المصروفات؟', '650e8400-e29b-41d4-a716-446655440007', '650e8400-e29b-41d4-a716-446655440005', 'waiting_response', 'low', 'استفسار', '2024-04-20 14:00:00+03');

-- إدراج تعليقات التذاكر
INSERT INTO ticket_comments_2025_10_30_10_19 (ticket_id, user_id, comment, is_internal) VALUES
('a50e8400-e29b-41d4-a716-446655440001', '650e8400-e29b-41d4-a716-446655440004', 'تم استلام الطلب وسيتم مراجعته خلال يومين عمل', false),
('a50e8400-e29b-41d4-a716-446655440002', '650e8400-e29b-41d4-a716-446655440002', 'تم التحقق من المشكلة وجاري العمل على حلها', false),
('a50e8400-e29b-41d4-a716-446655440002', '650e8400-e29b-41d4-a716-446655440001', 'المشكلة متعلقة بصلاحيات المستخدم', true);

-- إدراج تتبع SLA
INSERT INTO sla_tracking_2025_10_30_10_19 (id, project_id, task_id, ticket_id, sla_type, target_date, status, warning_threshold_hours) VALUES
('b50e8400-e29b-41d4-a716-446655440001', '750e8400-e29b-41d4-a716-446655440001', '850e8400-e29b-41d4-a716-446655440003', NULL, 'task_completion', '2024-04-15 17:00:00+03', 'on_track', 48),
('b50e8400-e29b-41d4-a716-446655440002', '750e8400-e29b-41d4-a716-446655440001', '850e8400-e29b-41d4-a716-446655440004', NULL, 'task_completion', '2024-05-01 17:00:00+03', 'at_risk', 24),
('b50e8400-e29b-41d4-a716-446655440003', '750e8400-e29b-41d4-a716-446655440001', NULL, 'a50e8400-e29b-41d4-a716-446655440001', 'ticket_response', '2024-04-15 17:00:00+03', 'on_track', 24),
('b50e8400-e29b-41d4-a716-446655440004', '750e8400-e29b-41d4-a716-446655440001', NULL, 'a50e8400-e29b-41d4-a716-446655440002', 'ticket_response', '2024-04-10 12:00:00+03', 'overdue', 4);

-- إدراج الإشعارات التجريبية
INSERT INTO notifications_2025_10_30_10_19 (user_id, title, message, type, related_id, is_read) VALUES
('650e8400-e29b-41d4-a716-446655440004', 'مهمة جديدة', 'تم تعيين مهمة "كتابة سياسة التوظيف" لك', 'task_assigned', '850e8400-e29b-41d4-a716-446655440003', false),
('650e8400-e29b-41d4-a716-446655440002', 'تحديث المشروع', 'تم إنجاز 75% من مشروع تطوير سياسات الموارد البشرية', 'project_update', '750e8400-e29b-41d4-a716-446655440001', true),
('650e8400-e29b-41d4-a716-446655440012', 'تحذير SLA', 'مهمة "مراجعة سياسة الأداء" تقترب من موعد الانتهاء', 'sla_warning', 'b50e8400-e29b-41d4-a716-446655440002', false),
('650e8400-e29b-41d4-a716-446655440005', 'تذكرة جديدة', 'تم إنشاء تذكرة جديدة "استفسار حول السياسة المالية"', 'ticket_created', 'a50e8400-e29b-41d4-a716-446655440003', false);

-- إدراج سجلات المراجعة التجريبية
INSERT INTO audit_logs_2025_10_30_10_19 (user_id, action, table_name, record_id, old_values, new_values) VALUES
('650e8400-e29b-41d4-a716-446655440002', 'UPDATE', 'tasks_2025_10_30_10_19', '850e8400-e29b-41d4-a716-446655440002', '{"progress": 60}', '{"progress": 75}'),
('650e8400-e29b-41d4-a716-446655440004', 'INSERT', 'deliverables_2025_10_30_10_19', '950e8400-e29b-41d4-a716-446655440005', NULL, '{"title": "سياسة التوظيف", "type": "policy"}'),
('650e8400-e29b-41d4-a716-446655440006', 'INSERT', 'tickets_2025_10_30_10_19', 'a50e8400-e29b-41d4-a716-446655440001', NULL, '{"title": "طلب تعديل سياسة الإجازات", "priority": "medium"}');