-- إدراج بيانات تجريبية مبسطة لمنصة إدارة السياسات والإجراءات
-- تاريخ الإنشاء: 2025-10-30 10:19

-- إدراج المؤسسات التجريبية
INSERT INTO organizations_2025_10_30_10_19 (id, name, description, subscription_plan, subscription_status) VALUES
('550e8400-e29b-41d4-a716-446655440001', 'شركة الرياض للاستشارات', 'شركة رائدة في مجال الاستشارات الإدارية والتطوير التنظيمي', 'enterprise', 'active'),
('550e8400-e29b-41d4-a716-446655440002', 'مؤسسة جدة للتطوير', 'مؤسسة متخصصة في تطوير السياسات والإجراءات', 'professional', 'active'),
('550e8400-e29b-41d4-a716-446655440003', 'مكتب الدمام الاستشاري', 'مكتب استشاري متخصص في الحوكمة والامتثال', 'basic', 'active');

-- إدراج المشاريع التجريبية (بدون مراجع للمستخدمين)
INSERT INTO projects_2025_10_30_10_19 (id, name, description, organization_id, status, start_date, end_date, budget, progress) VALUES
('750e8400-e29b-41d4-a716-446655440001', 'مشروع تطوير سياسات الموارد البشرية', 'مشروع شامل لتطوير وتحديث سياسات وإجراءات إدارة الموارد البشرية', '550e8400-e29b-41d4-a716-446655440001', 'active', '2024-01-15', '2024-06-30', 250000.00, 65),
('750e8400-e29b-41d4-a716-446655440002', 'مشروع إعادة هيكلة السياسات المالية', 'إعادة تصميم وتطوير السياسات المالية والمحاسبية', '550e8400-e29b-41d4-a716-446655440002', 'active', '2024-02-01', '2024-08-31', 180000.00, 45),
('750e8400-e29b-41d4-a716-446655440003', 'مشروع تطوير دليل الحوكمة المؤسسية', 'إنشاء دليل شامل للحوكمة المؤسسية وإدارة المخاطر', '550e8400-e29b-41d4-a716-446655440003', 'planning', '2024-03-01', '2024-09-30', 320000.00, 15),
('750e8400-e29b-41d4-a716-446655440004', 'مشروع تطوير سياسات الأمن السيبراني', 'تطوير سياسات وإجراءات شاملة للأمن السيبراني وحماية البيانات', '550e8400-e29b-41d4-a716-446655440001', 'planning', '2024-04-01', '2024-10-31', 400000.00, 5);

-- إدراج المهام التجريبية (بدون مراجع للمستخدمين)
INSERT INTO tasks_2025_10_30_10_19 (id, project_id, title, description, status, priority, start_date, due_date, estimated_hours, progress) VALUES
-- مهام مشروع الموارد البشرية
('850e8400-e29b-41d4-a716-446655440001', '750e8400-e29b-41d4-a716-446655440001', 'تحليل السياسات الحالية', 'مراجعة وتحليل السياسات الحالية لإدارة الموارد البشرية', 'completed', 'high', '2024-01-15', '2024-02-15', 80, 100),
('850e8400-e29b-41d4-a716-446655440002', '750e8400-e29b-41d4-a716-446655440001', 'تصميم هيكل السياسات الجديدة', 'وضع الهيكل العام للسياسات الجديدة', 'in_progress', 'high', '2024-02-16', '2024-03-30', 120, 75),
('850e8400-e29b-41d4-a716-446655440003', '750e8400-e29b-41d4-a716-446655440001', 'كتابة سياسة التوظيف', 'إعداد سياسة شاملة للتوظيف والاختيار', 'in_progress', 'medium', '2024-03-01', '2024-04-15', 60, 40),
('850e8400-e29b-41d4-a716-446655440004', '750e8400-e29b-41d4-a716-446655440001', 'مراجعة سياسة الأداء', 'مراجعة وتحديث سياسة تقييم الأداء', 'review', 'medium', '2024-03-15', '2024-05-01', 40, 85),

-- مهام مشروع السياسات المالية
('850e8400-e29b-41d4-a716-446655440005', '750e8400-e29b-41d4-a716-446655440002', 'دراسة النظم المالية الحالية', 'تحليل شامل للنظم والسياسات المالية الحالية', 'completed', 'critical', '2024-02-01', '2024-03-01', 100, 100),
('850e8400-e29b-41d4-a716-446655440006', '750e8400-e29b-41d4-a716-446655440002', 'تطوير سياسة الميزانية', 'إعداد سياسة جديدة لإعداد وإدارة الميزانية', 'in_progress', 'high', '2024-03-01', '2024-05-15', 90, 30),

-- مهام مشروع الحوكمة
('850e8400-e29b-41d4-a716-446655440007', '750e8400-e29b-41d4-a716-446655440003', 'تحليل متطلبات الحوكمة', 'دراسة متطلبات الحوكمة المؤسسية والامتثال', 'not_started', 'high', '2024-03-01', '2024-04-01', 60, 0),
('850e8400-e29b-41d4-a716-446655440008', '750e8400-e29b-41d4-a716-446655440003', 'إعداد إطار إدارة المخاطر', 'تطوير إطار شامل لإدارة المخاطر المؤسسية', 'not_started', 'critical', '2024-04-01', '2024-06-01', 150, 0);

-- إدراج المخرجات (Deliverables Tree)
INSERT INTO deliverables_2025_10_30_10_19 (id, project_id, parent_id, title, description, type, status, order_index) VALUES
-- دليل الموارد البشرية (Guide)
('950e8400-e29b-41d4-a716-446655440001', '750e8400-e29b-41d4-a716-446655440001', NULL, 'دليل سياسات الموارد البشرية', 'الدليل الشامل لسياسات وإجراءات الموارد البشرية', 'guide', 'draft', 1),

-- مواضيع فرعية (Topics)
('950e8400-e29b-41d4-a716-446655440002', '750e8400-e29b-41d4-a716-446655440001', '950e8400-e29b-41d4-a716-446655440001', 'التوظيف والاختيار', 'سياسات وإجراءات التوظيف والاختيار', 'topic', 'draft', 1),
('950e8400-e29b-41d4-a716-446655440003', '750e8400-e29b-41d4-a716-446655440001', '950e8400-e29b-41d4-a716-446655440001', 'تقييم الأداء', 'سياسات وإجراءات تقييم الأداء', 'topic', 'review', 2),
('950e8400-e29b-41d4-a716-446655440004', '750e8400-e29b-41d4-a716-446655440001', '950e8400-e29b-41d4-a716-446655440001', 'التدريب والتطوير', 'سياسات وإجراءات التدريب والتطوير', 'topic', 'draft', 3),
('950e8400-e29b-41d4-a716-446655440005', '750e8400-e29b-41d4-a716-446655440001', '950e8400-e29b-41d4-a716-446655440001', 'الرواتب والمزايا', 'سياسات وإجراءات الرواتب والمزايا', 'topic', 'draft', 4),

-- السياسات (Policies)
('950e8400-e29b-41d4-a716-446655440006', '750e8400-e29b-41d4-a716-446655440001', '950e8400-e29b-41d4-a716-446655440002', 'سياسة التوظيف', 'السياسة العامة للتوظيف والاختيار', 'policy', 'draft', 1),
('950e8400-e29b-41d4-a716-446655440007', '750e8400-e29b-41d4-a716-446655440001', '950e8400-e29b-41d4-a716-446655440003', 'سياسة تقييم الأداء', 'السياسة العامة لتقييم أداء الموظفين', 'policy', 'review', 1),
('950e8400-e29b-41d4-a716-446655440008', '750e8400-e29b-41d4-a716-446655440001', '950e8400-e29b-41d4-a716-446655440004', 'سياسة التدريب', 'السياسة العامة للتدريب والتطوير المهني', 'policy', 'draft', 1),

-- الإجراءات (Procedures)
('950e8400-e29b-41d4-a716-446655440009', '750e8400-e29b-41d4-a716-446655440001', '950e8400-e29b-41d4-a716-446655440002', 'إجراءات المقابلات الشخصية', 'الإجراءات التفصيلية لإجراء المقابلات الشخصية', 'procedure', 'draft', 2),
('950e8400-e29b-41d4-a716-446655440010', '750e8400-e29b-41d4-a716-446655440001', '950e8400-e29b-41d4-a716-446655440003', 'إجراءات التقييم السنوي', 'الإجراءات التفصيلية للتقييم السنوي للموظفين', 'procedure', 'review', 2),
('950e8400-e29b-41d4-a716-446655440011', '750e8400-e29b-41d4-a716-446655440001', '950e8400-e29b-41d4-a716-446655440004', 'إجراءات ترشيح الموظفين للتدريب', 'الإجراءات التفصيلية لترشيح الموظفين للبرامج التدريبية', 'procedure', 'draft', 2),

-- القوالب (Templates)
('950e8400-e29b-41d4-a716-446655440012', '750e8400-e29b-41d4-a716-446655440001', '950e8400-e29b-41d4-a716-446655440002', 'نموذج طلب التوظيف', 'النموذج الموحد لطلبات التوظيف', 'template', 'approved', 3),
('950e8400-e29b-41d4-a716-446655440013', '750e8400-e29b-41d4-a716-446655440001', '950e8400-e29b-41d4-a716-446655440003', 'نموذج تقييم الأداء', 'النموذج الموحد لتقييم أداء الموظفين', 'template', 'approved', 3),
('950e8400-e29b-41d4-a716-446655440014', '750e8400-e29b-41d4-a716-446655440001', '950e8400-e29b-41d4-a716-446655440004', 'نموذج طلب التدريب', 'النموذج الموحد لطلبات التدريب', 'template', 'draft', 3),

-- دليل السياسات المالية
('950e8400-e29b-41d4-a716-446655440015', '750e8400-e29b-41d4-a716-446655440002', NULL, 'دليل السياسات المالية', 'الدليل الشامل للسياسات والإجراءات المالية', 'guide', 'draft', 1),
('950e8400-e29b-41d4-a716-446655440016', '750e8400-e29b-41d4-a716-446655440002', '950e8400-e29b-41d4-a716-446655440015', 'إدارة الميزانية', 'سياسات وإجراءات إدارة الميزانية', 'topic', 'draft', 1),
('950e8400-e29b-41d4-a716-446655440017', '750e8400-e29b-41d4-a716-446655440002', '950e8400-e29b-41d4-a716-446655440016', 'سياسة إعداد الميزانية', 'السياسة العامة لإعداد الميزانية السنوية', 'policy', 'draft', 1);

-- إدراج التذاكر التجريبية (بدون مراجع للمستخدمين)
INSERT INTO tickets_2025_10_30_10_19 (id, project_id, title, description, status, priority, category, due_date) VALUES
('a50e8400-e29b-41d4-a716-446655440001', '750e8400-e29b-41d4-a716-446655440001', 'طلب تعديل سياسة الإجازات', 'يرجى مراجعة وتعديل سياسة الإجازات لتشمل الإجازات الاستثنائية', 'open', 'medium', 'تعديل محتوى', '2024-04-15 17:00:00+03'),
('a50e8400-e29b-41d4-a716-446655440002', '750e8400-e29b-41d4-a716-446655440001', 'مشكلة في الوصول للملفات', 'لا يمكن الوصول لملفات المشروع المرفوعة', 'in_progress', 'high', 'دعم فني', '2024-04-10 12:00:00+03'),
('a50e8400-e29b-41d4-a716-446655440003', '750e8400-e29b-41d4-a716-446655440002', 'استفسار حول السياسة المالية', 'هل تشمل السياسة الجديدة إجراءات الموافقة على المصروفات؟', 'waiting_response', 'low', 'استفسار', '2024-04-20 14:00:00+03'),
('a50e8400-e29b-41d4-a716-446655440004', '750e8400-e29b-41d4-a716-446655440003', 'طلب إضافة قسم جديد للحوكمة', 'يرجى إضافة قسم خاص بحوكمة البيانات في الدليل', 'open', 'medium', 'تحسين', '2024-05-01 16:00:00+03');

-- إدراج تتبع SLA
INSERT INTO sla_tracking_2025_10_30_10_19 (id, project_id, task_id, ticket_id, sla_type, target_date, status, warning_threshold_hours) VALUES
('b50e8400-e29b-41d4-a716-446655440001', '750e8400-e29b-41d4-a716-446655440001', '850e8400-e29b-41d4-a716-446655440003', NULL, 'task_completion', '2024-04-15 17:00:00+03', 'on_track', 48),
('b50e8400-e29b-41d4-a716-446655440002', '750e8400-e29b-41d4-a716-446655440001', '850e8400-e29b-41d4-a716-446655440004', NULL, 'task_completion', '2024-05-01 17:00:00+03', 'at_risk', 24),
('b50e8400-e29b-41d4-a716-446655440003', '750e8400-e29b-41d4-a716-446655440001', NULL, 'a50e8400-e29b-41d4-a716-446655440001', 'ticket_response', '2024-04-15 17:00:00+03', 'on_track', 24),
('b50e8400-e29b-41d4-a716-446655440004', '750e8400-e29b-41d4-a716-446655440001', NULL, 'a50e8400-e29b-41d4-a716-446655440002', 'ticket_response', '2024-04-10 12:00:00+03', 'overdue', 4),
('b50e8400-e29b-41d4-a716-446655440005', '750e8400-e29b-41d4-a716-446655440002', '850e8400-e29b-41d4-a716-446655440006', NULL, 'task_completion', '2024-05-15 17:00:00+03', 'on_track', 72),
('b50e8400-e29b-41d4-a716-446655440006', '750e8400-e29b-41d4-a716-446655440003', '850e8400-e29b-41d4-a716-446655440007', NULL, 'task_completion', '2024-04-01 17:00:00+03', 'at_risk', 48);